{
    "parent": "minecraft:item/generated",
    "textures": {
        "layer0": "minecraft:item/clay_ball"
    },
    "overrides": [
        {
            "model": "minecraft:cc_scribe",
            "predicate": {
                "custom_model_data": 1501
            }
        },
        {
            "model": "minecraft:cc_craft",
            "predicate": {
                "custom_model_data": 1502
            }
        },
        {
            "model": "minecraft:cc_ban",
            "predicate": {
                "custom_model_data": 1503
            }
        },
        {
            "model": "minecraft:item/diamond_ingot",
            "predicate": {
                "custom_model_data": 1504
            }
        },
        {
            "model": "minecraft:item/backpack_close",
            "predicate": {
                "custom_model_data": 1505
            }
        },
        {
            "model": "minecraft:item/enderite_ingot",
            "predicate": {
                "custom_model_data": 1506
            }
        },
        {
            "model": "minecraft:item/disenchanting_book",
            "predicate": {
                "custom_model_data": 1507
            }
        }
    ]
}