{
    "parent": "minecraft:item/generated",
    "overrides": [
        {
            "predicate": {
                "custom_model_data": 148401
            },
            "model": "minecraft:item/backpack"
        },
        {
            "predicate": {
                "custom_model_data": 148402
            },
            "model": "minecraft:item/big_backpack"
        },
        {
            "predicate": {
                "custom_model_data": 148403
            },
            "model": "minecraft:item/large_backpack"
        }
    ],
    "textures": {
        "layer0": "minecraft:item/leather_chestplate",
        "layer1": "minecraft:item/leather_chestplate_overlay"
    }
}